{"cameraMode":{"drawMode":0,"name":"Shaded","section":"Shading Mode"},"sceneLighting":false,"audioPlay":false,"sceneViewState":{"m_AlwaysRefresh":false,"showFog":true,"showSkybox":false,"showFlares":true,"showImageEffects":true,"showParticleSystems":true,"showVisualEffectGraphs":true,"m_FxEnabled":true},"in2DMode":false,"pivot":{"x":-3.6075706481933595,"y":0.812640905380249,"z":1.4109649658203126},"rotation":{"x":0.045035041868686679,"y":-0.7319271564483643,"z":0.04860536381602287,"w":0.6781689524650574},"size":1.1263960599899293,"orthographic":false}