{"cameraMode":{"drawMode":0,"name":"Shaded","section":"Shading Mode"},"sceneLighting":false,"audioPlay":false,"sceneViewState":{"m_AlwaysRefresh":false,"showFog":true,"showSkybox":false,"showFlares":true,"showImageEffects":true,"showParticleSystems":true,"showVisualEffectGraphs":true,"m_FxEnabled":true},"in2DMode":false,"pivot":{"x":98.68881225585938,"y":0.758984386920929,"z":55.43975830078125},"rotation":{"x":-0.08238198608160019,"y":0.024220209568738939,"z":-0.00200475612655282,"w":-0.9963096380233765},"size":0.5368150472640991,"orthographic":false}