{"cameraMode":{"drawMode":0,"name":"Shaded","section":"Shading Mode"},"sceneLighting":false,"audioPlay":false,"sceneViewState":{"m_AlwaysRefresh":false,"showFog":true,"showSkybox":false,"showFlares":true,"showImageEffects":true,"showParticleSystems":true,"showVisualEffectGraphs":true,"m_FxEnabled":true},"in2DMode":false,"pivot":{"x":114.8778305053711,"y":104.06513977050781,"z":70.36792755126953},"rotation":{"x":0.00212062313221395,"y":0.7075238227844238,"z":0.0021219393238425256,"w":-0.7066858410835266},"size":0.5541821718215942,"orthographic":false}