{"cameraMode":{"drawMode":0,"name":"Shaded","section":"Shading Mode"},"sceneLighting":false,"audioPlay":false,"sceneViewState":{"m_AlwaysRefresh":false,"showFog":true,"showSkybox":false,"showFlares":true,"showImageEffects":true,"showParticleSystems":true,"showVisualEffectGraphs":true,"m_FxEnabled":true},"in2DMode":false,"pivot":{"x":-2.50592041015625,"y":-0.2426869422197342,"z":2.988607883453369},"rotation":{"x":-0.18373438715934754,"y":-0.017105020582675935,"z":0.0032101029064506294,"w":-0.9828385710716248},"size":1.7381945848464966,"orthographic":false}