{"cameraMode":{"drawMode":0,"name":"Shaded","section":"Shading Mode"},"sceneLighting":false,"audioPlay":false,"sceneViewState":{"m_AlwaysRefresh":false,"showFog":true,"showSkybox":false,"showFlares":true,"showImageEffects":true,"showParticleSystems":true,"showVisualEffectGraphs":true,"m_FxEnabled":true},"in2DMode":false,"pivot":{"x":-3.8499996662139894,"y":1.1403400897979737,"z":1.7210371494293213},"rotation":{"x":0.015306325629353524,"y":-0.6956284642219544,"z":0.01482393778860569,"w":0.7180998921394348},"size":0.9915140271186829,"orthographic":true}