{"cameraMode":{"drawMode":0,"name":"Shaded","section":"Shading Mode"},"sceneLighting":false,"audioPlay":false,"sceneViewState":{"m_AlwaysRefresh":false,"showFog":true,"showSkybox":false,"showFlares":true,"showImageEffects":true,"showParticleSystems":true,"showVisualEffectGraphs":true,"m_FxEnabled":true},"in2DMode":false,"pivot":{"x":-1.324143886566162,"y":-0.16286152601242066,"z":1.9660989046096802},"rotation":{"x":0.32291916012763979,"y":-0.0014233851106837392,"z":0.0004854262515436858,"w":0.9464353322982788},"size":1.3372646570205689,"orthographic":false}