{"cameraMode":{"drawMode":0,"name":"Shaded","section":"Shading Mode"},"sceneLighting":false,"audioPlay":false,"sceneViewState":{"m_AlwaysRefresh":false,"showFog":true,"showSkybox":false,"showFlares":true,"showImageEffects":true,"showParticleSystems":true,"showVisualEffectGraphs":true,"m_FxEnabled":true},"in2DMode":false,"pivot":{"x":-2.468766927719116,"y":1.1924453973770142,"z":2.5044095516204836},"rotation":{"x":-0.0011471256148070098,"y":-0.9988291263580322,"z":0.03747367113828659,"w":-0.030575569719076158},"size":0.35903042554855349,"orthographic":true}